% time (years), wavelength (nm), wavelength uncertainty (nm)
0,656.2809986,1.01E-05
0.083333333,656.2809936,1.18E-05
0.166666667,656.2810034,1.06E-05
0.75,656.2809495,1.11E-05
0.833333333,656.2809494,8.30E-06